idx,token,count
0,ba,1
1,be,1
2,bi,0
3,bo,9
4,bu,0
5,ca,13
6,ce,3
7,ci,2
8,co,14
9,cu,2
10,da,12
11,de,24
12,di,3
13,do,29
14,du,1
15,fa,7
16,fe,0
17,fi,3
18,fo,0
19,fu,0
20,ga,3
21,ge,1
22,gi,2
23,go,3
24,gu,1
25,ja,2
26,je,0
27,ji,0
28,jo,2
29,ju,1
30,la,5
31,le,2
32,li,3
33,lo,3
34,lu,0
35,ma,13
36,me,7
37,mi,4
38,mo,10
39,mu,0
40,na,13
41,ne,3
42,ni,5
43,no,12
44,nu,3
45,pa,9
46,pe,6
47,pi,1
48,po,5
49,pu,1
50,ra,20
51,re,10
52,ri,6
53,ro,12
54,ru,1
55,sa,17
56,se,17
57,si,3
58,so,13
59,su,3
60,ta,23
61,te,18
62,ti,9
63,to,19
64,tu,4
65,va,10
66,ve,7
67,vi,5
68,vo,3
69,vu,0
70,xa,0
71,xe,1
72,xi,2
73,xo,0
74,xu,0
75,za,2
76,ze,1
77,zi,1
78,zo,0
79,zu,0
80,qua,0
81,que,15
82,qui,2
83,quo,0
84,gue,0
85,gui,0
86,cha,2
87,che,3
88,chi,0
89,cho,0
90,chu,0
91,lha,1
92,lhe,0
93,lhi,0
94,lho,2
95,lhu,0
96,nha,4
97,nhe,0
98,nhi,0
99,nho,0
100,nhu,0
101,bra,1
102,bre,2
103,bri,0
104,bro,1
105,bru,0
106,cra,0
107,cre,1
108,cri,0
109,cro,0
110,cru,0
111,dra,0
112,dre,0
113,dri,0
114,dro,0
115,dru,0
116,fra,0
117,fre,0
118,fri,0
119,fro,6
120,fru,0
121,gra,0
122,gre,0
123,gri,0
124,gro,0
125,gru,0
126,pra,0
127,pre,1
128,pri,2
129,pro,5
130,pru,0
131,tra,3
132,tre,2
133,tri,0
134,tro,0
135,tru,0
136,vra,0
137,vre,0
138,vri,0
139,vro,0
140,vru,0
141,bla,0
142,ble,2
143,bli,0
144,blo,0
145,blu,0
146,cla,1
147,cle,0
148,cli,0
149,clo,0
150,clu,0
151,fla,0
152,fle,0
153,fli,0
154,flo,0
155,flu,0
156,gla,0
157,gle,0
158,gli,0
159,glo,0
160,glu,0
161,pla,1
162,ple,0
163,pli,0
164,plo,0
165,plu,0
166,ar,1
167,al,1
168,as,10
169,am,0
170,an,0
171,az,0
172,ax,0
173,er,0
174,el,0
175,es,8
176,em,7
177,en,4
178,ez,0
179,ex,2
180,ir,1
181,il,0
182,is,3
183,im,2
184,in,3
185,iz,0
186,ix,0
187,or,0
188,ol,0
189,os,9
190,om,0
191,on,2
192,oz,0
193,ox,0
194,ur,0
195,ul,0
196,us,0
197,um,6
198,un,0
199,uz,0
200,ux,0
201,bar,0
202,bal,0
203,bas,1
204,bam,0
205,ban,0
206,baz,0
207,bax,0
208,ber,0
209,bel,0
210,bes,0
211,bem,2
212,ben,0
213,bez,0
214,bex,0
215,bir,0
216,bil,8
217,bis,0
218,bim,0
219,bin,0
220,biz,0
221,bix,0
222,bor,0
223,bol,12
224,bos,0
225,bom,1
226,bon,0
227,boz,0
228,box,0
229,bur,0
230,bul,0
231,bus,0
232,bum,0
233,bun,0
234,buz,0
235,bux,0
236,car,0
237,cal,1
238,cas,1
239,cam,0
240,can,0
241,caz,0
242,cax,0
243,cer,1
244,cel,0
245,ces,1
246,cem,0
247,cen,1
248,cez,0
249,cex,0
250,cir,0
251,cil,0
252,cis,0
253,cim,0
254,cin,1
255,ciz,0
256,cix,0
257,cor,1
258,col,0
259,cos,0
260,com,6
261,con,6
262,coz,0
263,cox,0
264,cur,0
265,cul,0
266,cus,0
267,cum,0
268,cun,0
269,cuz,0
270,cux,0
271,dar,0
272,dal,0
273,das,4
274,dam,0
275,dan,0
276,daz,0
277,dax,0
278,der,0
279,del,0
280,des,1
281,dem,0
282,den,0
283,dez,0
284,dex,0
285,dir,0
286,dil,0
287,dis,2
288,dim,0
289,din,0
290,diz,0
291,dix,0
292,dor,0
293,dol,0
294,dos,5
295,dom,0
296,don,0
297,doz,0
298,dox,0
299,dur,0
300,dul,1
301,dus,0
302,dum,0
303,dun,0
304,duz,0
305,dux,0
306,far,0
307,fal,0
308,fas,0
309,fam,0
310,fan,1
311,faz,0
312,fax,0
313,fer,0
314,fel,0
315,fes,3
316,fem,0
317,fen,0
318,fez,0
319,fex,0
320,fir,0
321,fil,0
322,fis,0
323,fim,0
324,fin,0
325,fiz,0
326,fix,0
327,for,2
328,fol,0
329,fos,1
330,fom,0
331,fon,0
332,foz,0
333,fox,0
334,fur,0
335,ful,0
336,fus,0
337,fum,0
338,fun,0
339,fuz,0
340,fux,0
341,gar,0
342,gal,0
343,gas,0
344,gam,0
345,gan,0
346,gaz,0
347,gax,0
348,ger,0
349,gel,0
350,ges,0
351,gem,0
352,gen,0
353,gez,0
354,gex,0
355,gir,0
356,gil,0
357,gis,0
358,gim,0
359,gin,0
360,giz,0
361,gix,0
362,gor,1
363,gol,0
364,gos,1
365,gom,0
366,gon,0
367,goz,0
368,gox,0
369,gur,0
370,gul,0
371,gus,0
372,gum,0
373,gun,0
374,guz,0
375,gux,0
376,jar,0
377,jal,0
378,jas,0
379,jam,0
380,jan,0
381,jaz,0
382,jax,0
383,jer,0
384,jel,0
385,jes,0
386,jem,0
387,jen,0
388,jez,0
389,jex,0
390,jir,0
391,jil,0
392,jis,0
393,jim,0
394,jin,0
395,jiz,0
396,jix,0
397,jor,0
398,jol,0
399,jos,0
400,jom,0
401,jon,0
402,joz,0
403,jox,0
404,jur,0
405,jul,0
406,jus,1
407,jum,0
408,jun,1
409,juz,0
410,jux,0
411,lar,1
412,lal,0
413,las,0
414,lam,0
415,lan,1
416,laz,0
417,lax,0
418,ler,0
419,lel,0
420,les,3
421,lem,1
422,len,1
423,lez,0
424,lex,0
425,lir,0
426,lil,0
427,lis,0
428,lim,0
429,lin,1
430,liz,0
431,lix,0
432,lor,0
433,lol,0
434,los,0
435,lom,0
436,lon,1
437,loz,0
438,lox,0
439,lur,0
440,lul,0
441,lus,0
442,lum,0
443,lun,0
444,luz,0
445,lux,0
446,mar,0
447,mal,0
448,mas,7
449,mam,0
450,man,0
451,maz,0
452,max,0
453,mer,0
454,mel,0
455,mes,2
456,mem,0
457,men,8
458,mez,0
459,mex,0
460,mir,0
461,mil,0
462,mis,0
463,mim,0
464,min,0
465,miz,0
466,mix,0
467,mor,0
468,mol,0
469,mos,4
470,mom,0
471,mon,0
472,moz,0
473,mox,0
474,mur,0
475,mul,0
476,mus,0
477,mum,0
478,mun,0
479,muz,0
480,mux,0
481,nar,0
482,nal,3
483,nas,0
484,nam,0
485,nan,1
486,naz,0
487,nax,0
488,ner,0
489,nel,0
490,nes,2
491,nem,0
492,nen,0
493,nez,0
494,nex,0
495,nir,0
496,nil,0
497,nis,0
498,nim,0
499,nin,0
500,niz,0
501,nix,0
502,nor,0
503,nol,0
504,nos,8
505,nom,0
506,non,0
507,noz,0
508,nox,0
509,nur,0
510,nul,0
511,nus,0
512,num,0
513,nun,1
514,nuz,0
515,nux,0
516,par,0
517,pal,1
518,pas,2
519,pam,0
520,pan,0
521,paz,1
522,pax,0
523,per,4
524,pel,0
525,pes,5
526,pem,0
527,pen,2
528,pez,0
529,pex,0
530,pir,0
531,pil,0
532,pis,0
533,pim,0
534,pin,0
535,piz,0
536,pix,0
537,por,5
538,pol,0
539,pos,3
540,pom,0
541,pon,1
542,poz,0
543,pox,0
544,pur,0
545,pul,0
546,pus,0
547,pum,0
548,pun,0
549,puz,0
550,pux,0
551,rar,2
552,ral,1
553,ras,0
554,ram,7
555,ran,1
556,raz,0
557,rax,0
558,rer,0
559,rel,0
560,res,4
561,rem,0
562,ren,1
563,rez,0
564,rex,0
565,rir,0
566,ril,0
567,ris,0
568,rim,0
569,rin,0
570,riz,0
571,rix,0
572,ror,0
573,rol,0
574,ros,4
575,rom,0
576,ron,0
577,roz,0
578,rox,0
579,rur,0
580,rul,0
581,rus,0
582,rum,0
583,run,0
584,ruz,0
585,rux,0
586,sar,0
587,sal,0
588,sas,1
589,sam,0
590,san,0
591,saz,0
592,sax,0
593,ser,1
594,sel,0
595,ses,1
596,sem,1
597,sen,2
598,sez,0
599,sex,0
600,sir,0
601,sil,0
602,sis,0
603,sim,0
604,sin,0
605,siz,0
606,six,0
607,sor,1
608,sol,0
609,sos,1
610,som,0
611,son,0
612,soz,0
613,sox,0
614,sur,0
615,sul,0
616,sus,0
617,sum,0
618,sun,1
619,suz,0
620,sux,0
621,tar,1
622,tal,0
623,tas,1
624,tam,1
625,tan,3
626,taz,0
627,tax,0
628,ter,4
629,tel,0
630,tes,0
631,tem,2
632,ten,1
633,tez,0
634,tex,0
635,tir,0
636,til,0
637,tis,0
638,tim,0
639,tin,0
640,tiz,0
641,tix,0
642,tor,3
643,tol,0
644,tos,2
645,tom,0
646,ton,0
647,toz,0
648,tox,0
649,tur,0
650,tul,0
651,tus,0
652,tum,0
653,tun,0
654,tuz,0
655,tux,0
656,var,0
657,val,0
658,vas,0
659,vam,4
660,van,0
661,vaz,0
662,vax,0
663,ver,6
664,vel,3
665,ves,0
666,vem,1
667,ven,5
668,vez,0
669,vex,0
670,vir,0
671,vil,0
672,vis,0
673,vim,0
674,vin,1
675,viz,0
676,vix,0
677,vor,0
678,vol,0
679,vos,0
680,vom,0
681,von,0
682,voz,0
683,vox,0
684,vur,0
685,vul,0
686,vus,0
687,vum,0
688,vun,0
689,vuz,0
690,vux,0
691,xar,0
692,xal,0
693,xas,0
694,xam,0
695,xan,0
696,xaz,0
697,xax,0
698,xer,0
699,xel,0
700,xes,0
701,xem,0
702,xen,0
703,xez,0
704,xex,0
705,xir,0
706,xil,0
707,xis,0
708,xim,0
709,xin,0
710,xiz,0
711,xix,0
712,xor,0
713,xol,0
714,xos,0
715,xom,0
716,xon,0
717,xoz,0
718,xox,0
719,xur,0
720,xul,0
721,xus,0
722,xum,0
723,xun,0
724,xuz,0
725,xux,0
726,zar,0
727,zal,0
728,zas,1
729,zam,0
730,zan,0
731,zaz,0
732,zax,0
733,zer,2
734,zel,0
735,zes,0
736,zem,0
737,zen,2
738,zez,0
739,zex,0
740,zir,0
741,zil,0
742,zis,0
743,zim,0
744,zin,0
745,ziz,0
746,zix,0
747,zor,0
748,zol,0
749,zos,0
750,zom,0
751,zon,0
752,zoz,0
753,zox,0
754,zur,0
755,zul,0
756,zus,0
757,zum,0
758,zun,0
759,zuz,0
760,zux,0
761,quar,0
762,qual,1
763,quas,0
764,quam,0
765,quan,2
766,quaz,0
767,quax,0
768,quer,1
769,quel,0
770,ques,0
771,quem,0
772,quen,1
773,quez,0
774,quex,0
775,quir,0
776,quil,0
777,quis,0
778,quim,0
779,quin,0
780,quiz,0
781,quix,0
782,quor,0
783,quol,0
784,quos,0
785,quom,0
786,quon,0
787,quoz,0
788,quox,0
789,guer,0
790,guel,0
791,gues,0
792,guem,0
793,guen,0
794,guez,0
795,guex,0
796,guir,0
797,guil,0
798,guis,0
799,guim,0
800,guin,0
801,guiz,0
802,guix,0
803,char,0
804,chal,0
805,chas,0
806,cham,0
807,chan,0
808,chaz,0
809,chax,0
810,cher,0
811,chel,0
812,ches,0
813,chem,0
814,chen,0
815,chez,0
816,chex,0
817,chir,0
818,chil,0
819,chis,0
820,chim,0
821,chin,0
822,chiz,0
823,chix,0
824,chor,0
825,chol,0
826,chos,0
827,chom,0
828,chon,0
829,choz,0
830,chox,0
831,chur,0
832,chul,0
833,chus,0
834,chum,0
835,chun,0
836,chuz,0
837,chux,0
838,lhar,0
839,lhal,0
840,lhas,1
841,lham,0
842,lhan,0
843,lhaz,0
844,lhax,0
845,lher,0
846,lhel,0
847,lhes,0
848,lhem,0
849,lhen,0
850,lhez,0
851,lhex,0
852,lhir,0
853,lhil,0
854,lhis,0
855,lhim,0
856,lhin,0
857,lhiz,0
858,lhix,0
859,lhor,1
860,lhol,0
861,lhos,0
862,lhom,0
863,lhon,0
864,lhoz,0
865,lhox,0
866,lhur,0
867,lhul,0
868,lhus,0
869,lhum,0
870,lhun,0
871,lhuz,0
872,lhux,0
873,nhar,0
874,nhal,0
875,nhas,0
876,nham,1
877,nhan,0
878,nhaz,0
879,nhax,0
880,nher,0
881,nhel,0
882,nhes,0
883,nhem,0
884,nhen,0
885,nhez,0
886,nhex,0
887,nhir,0
888,nhil,0
889,nhis,0
890,nhim,0
891,nhin,0
892,nhiz,0
893,nhix,0
894,nhor,0
895,nhol,0
896,nhos,0
897,nhom,0
898,nhon,0
899,nhoz,0
900,nhox,0
901,nhur,0
902,nhul,0
903,nhus,0
904,nhum,0
905,nhun,0
906,nhuz,0
907,nhux,0
908,brar,0
909,bral,0
910,bras,0
911,bram,0
912,bran,0
913,braz,0
914,brax,0
915,brer,0
916,brel,0
917,bres,1
918,brem,0
919,bren,0
920,brez,0
921,brex,0
922,brir,0
923,bril,0
924,bris,0
925,brim,0
926,brin,0
927,briz,0
928,brix,0
929,bror,0
930,brol,0
931,bros,0
932,brom,0
933,bron,0
934,broz,0
935,brox,0
936,brur,0
937,brul,0
938,brus,0
939,brum,0
940,brun,0
941,bruz,0
942,brux,0
943,crar,0
944,cral,0
945,cras,0
946,cram,0
947,cran,0
948,craz,0
949,crax,0
950,crer,0
951,crel,0
952,cres,1
953,crem,0
954,cren,0
955,crez,0
956,crex,0
957,crir,0
958,cril,0
959,cris,0
960,crim,0
961,crin,0
962,criz,0
963,crix,0
964,cror,0
965,crol,0
966,cros,0
967,crom,0
968,cron,0
969,croz,0
970,crox,0
971,crur,0
972,crul,0
973,crus,0
974,crum,0
975,crun,0
976,cruz,0
977,crux,0
978,drar,0
979,dral,0
980,dras,0
981,dram,0
982,dran,0
983,draz,0
984,drax,0
985,drer,0
986,drel,0
987,dres,0
988,drem,0
989,dren,0
990,drez,0
991,drex,0
992,drir,0
993,dril,0
994,dris,0
995,drim,0
996,drin,0
997,driz,0
998,drix,0
999,dror,0
1000,drol,0
1001,dros,0
1002,drom,0
1003,dron,0
1004,droz,0
1005,drox,0
1006,drur,0
1007,drul,0
1008,drus,0
1009,drum,0
1010,drun,0
1011,druz,0
1012,drux,0
1013,frar,0
1014,fral,0
1015,fras,0
1016,fram,0
1017,fran,0
1018,fraz,0
1019,frax,0
1020,frer,0
1021,frel,0
1022,fres,0
1023,frem,0
1024,fren,0
1025,frez,0
1026,frex,0
1027,frir,0
1028,fril,0
1029,fris,0
1030,frim,0
1031,frin,0
1032,friz,0
1033,frix,0
1034,fror,0
1035,frol,0
1036,fros,0
1037,from,0
1038,fron,0
1039,froz,0
1040,frox,0
1041,frur,0
1042,frul,0
1043,frus,0
1044,frum,0
1045,frun,0
1046,fruz,0
1047,frux,0
1048,grar,0
1049,gral,0
1050,gras,0
1051,gram,0
1052,gran,1
1053,graz,0
1054,grax,0
1055,grer,0
1056,grel,0
1057,gres,0
1058,grem,0
1059,gren,0
1060,grez,0
1061,grex,0
1062,grir,0
1063,gril,0
1064,gris,0
1065,grim,0
1066,grin,0
1067,griz,0
1068,grix,0
1069,gror,0
1070,grol,0
1071,gros,0
1072,grom,0
1073,gron,0
1074,groz,0
1075,grox,0
1076,grur,0
1077,grul,0
1078,grus,0
1079,grum,0
1080,grun,0
1081,gruz,0
1082,grux,0
1083,prar,0
1084,pral,0
1085,pras,0
1086,pram,0
1087,pran,0
1088,praz,0
1089,prax,0
1090,prer,0
1091,prel,0
1092,pres,0
1093,prem,0
1094,pren,0
1095,prez,0
1096,prex,0
1097,prir,0
1098,pril,0
1099,pris,0
1100,prim,0
1101,prin,1
1102,priz,0
1103,prix,0
1104,pror,0
1105,prol,0
1106,pros,0
1107,prom,0
1108,pron,0
1109,proz,0
1110,prox,0
1111,prur,0
1112,prul,0
1113,prus,0
1114,prum,0
1115,prun,0
1116,pruz,0
1117,prux,0
1118,trar,0
1119,tral,0
1120,tras,0
1121,tram,0
1122,tran,0
1123,traz,0
1124,trax,0
1125,trer,0
1126,trel,0
1127,tres,2
1128,trem,0
1129,tren,0
1130,trez,0
1131,trex,0
1132,trir,0
1133,tril,0
1134,tris,0
1135,trim,0
1136,trin,2
1137,triz,0
1138,trix,0
1139,tror,0
1140,trol,0
1141,tros,0
1142,trom,0
1143,tron,0
1144,troz,0
1145,trox,0
1146,trur,0
1147,trul,0
1148,trus,0
1149,trum,0
1150,trun,0
1151,truz,0
1152,trux,0
1153,vrar,0
1154,vral,0
1155,vras,0
1156,vram,0
1157,vran,0
1158,vraz,0
1159,vrax,0
1160,vrer,0
1161,vrel,0
1162,vres,0
1163,vrem,0
1164,vren,0
1165,vrez,0
1166,vrex,0
1167,vrir,0
1168,vril,0
1169,vris,0
1170,vrim,0
1171,vrin,0
1172,vriz,0
1173,vrix,0
1174,vror,0
1175,vrol,0
1176,vros,0
1177,vrom,0
1178,vron,0
1179,vroz,0
1180,vrox,0
1181,vrur,0
1182,vrul,0
1183,vrus,0
1184,vrum,0
1185,vrun,0
1186,vruz,0
1187,vrux,0
1188,blar,0
1189,blal,0
1190,blas,0
1191,blam,0
1192,blan,0
1193,blaz,0
1194,blax,0
1195,bler,0
1196,blel,0
1197,bles,0
1198,blem,0
1199,blen,0
1200,blez,0
1201,blex,0
1202,blir,0
1203,blil,0
1204,blis,0
1205,blim,0
1206,blin,0
1207,bliz,0
1208,blix,0
1209,blor,0
1210,blol,0
1211,blos,0
1212,blom,0
1213,blon,0
1214,bloz,0
1215,blox,0
1216,blur,0
1217,blul,0
1218,blus,0
1219,blum,0
1220,blun,0
1221,bluz,0
1222,blux,0
1223,clar,0
1224,clal,0
1225,clas,0
1226,clam,0
1227,clan,0
1228,claz,0
1229,clax,0
1230,cler,0
1231,clel,0
1232,cles,0
1233,clem,0
1234,clen,0
1235,clez,0
1236,clex,0
1237,clir,0
1238,clil,0
1239,clis,0
1240,clim,0
1241,clin,0
1242,cliz,0
1243,clix,0
1244,clor,0
1245,clol,0
1246,clos,0
1247,clom,0
1248,clon,0
1249,cloz,0
1250,clox,0
1251,clur,0
1252,clul,0
1253,clus,0
1254,clum,0
1255,clun,0
1256,cluz,0
1257,clux,0
1258,flar,0
1259,flal,0
1260,flas,0
1261,flam,0
1262,flan,0
1263,flaz,0
1264,flax,0
1265,fler,0
1266,flel,0
1267,fles,0
1268,flem,0
1269,flen,0
1270,flez,0
1271,flex,0
1272,flir,0
1273,flil,0
1274,flis,0
1275,flim,0
1276,flin,0
1277,fliz,0
1278,flix,0
1279,flor,0
1280,flol,0
1281,flos,0
1282,flom,0
1283,flon,0
1284,floz,0
1285,flox,0
1286,flur,0
1287,flul,0
1288,flus,0
1289,flum,0
1290,flun,0
1291,fluz,0
1292,flux,0
1293,glar,0
1294,glal,0
1295,glas,0
1296,glam,0
1297,glan,0
1298,glaz,0
1299,glax,0
1300,gler,0
1301,glel,0
1302,gles,0
1303,glem,0
1304,glen,0
1305,glez,0
1306,glex,0
1307,glir,0
1308,glil,0
1309,glis,0
1310,glim,0
1311,glin,0
1312,gliz,0
1313,glix,0
1314,glor,0
1315,glol,0
1316,glos,0
1317,glom,0
1318,glon,0
1319,gloz,0
1320,glox,0
1321,glur,0
1322,glul,0
1323,glus,0
1324,glum,0
1325,glun,0
1326,gluz,0
1327,glux,0
1328,plar,0
1329,plal,0
1330,plas,1
1331,plam,0
1332,plan,0
1333,plaz,0
1334,plax,0
1335,pler,0
1336,plel,0
1337,ples,0
1338,plem,0
1339,plen,0
1340,plez,0
1341,plex,0
1342,plir,0
1343,plil,0
1344,plis,0
1345,plim,0
1346,plin,0
1347,pliz,0
1348,plix,0
1349,plor,0
1350,plol,0
1351,plos,0
1352,plom,0
1353,plon,0
1354,ploz,0
1355,plox,0
1356,plur,0
1357,plul,0
1358,plus,0
1359,plum,0
1360,plun,0
1361,pluz,0
1362,plux,0
1363,bai,0
1364,bei,1
1365,boi,0
1366,bui,0
1367,bau,0
1368,beu,0
1369,biu,0
1370,bou,0
1371,bia,0
1372,bie,0
1373,bio,0
1374,bua,0
1375,bue,0
1376,buo,0
1377,bao,0
1378,bae,0
1379,boe,0
1380,cai,0
1381,cei,0
1382,coi,1
1383,cui,0
1384,cau,0
1385,ceu,0
1386,ciu,0
1387,cou,0
1388,cia,6
1389,cie,0
1390,cio,2
1391,cua,0
1392,cue,0
1393,cuo,0
1394,cao,0
1395,cae,0
1396,coe,0
1397,dai,0
1398,dei,1
1399,doi,0
1400,dui,0
1401,dau,0
1402,deu,0
1403,diu,0
1404,dou,0
1405,dia,3
1406,die,0
1407,dio,0
1408,dua,0
1409,due,0
1410,duo,0
1411,dao,0
1412,dae,0
1413,doe,0
1414,fai,0
1415,fei,1
1416,foi,0
1417,fui,0
1418,fau,0
1419,feu,0
1420,fiu,0
1421,fou,0
1422,fia,0
1423,fie,0
1424,fio,0
1425,fua,0
1426,fue,0
1427,fuo,0
1428,fao,0
1429,fae,0
1430,foe,0
1431,gai,0
1432,gei,0
1433,goi,0
1434,gau,0
1435,geu,0
1436,giu,0
1437,gou,0
1438,gia,0
1439,gie,0
1440,gio,0
1441,gua,1
1442,guo,0
1443,gao,0
1444,gae,0
1445,goe,0
1446,jai,0
1447,jei,0
1448,joi,0
1449,jui,0
1450,jau,0
1451,jeu,0
1452,jiu,0
1453,jou,0
1454,jia,0
1455,jie,0
1456,jio,0
1457,jua,0
1458,jue,0
1459,juo,0
1460,jao,0
1461,jae,0
1462,joe,0
1463,lai,0
1464,lei,0
1465,loi,0
1466,lui,0
1467,lau,0
1468,leu,0
1469,liu,0
1470,lou,0
1471,lia,1
1472,lie,0
1473,lio,0
1474,lua,0
1475,lue,0
1476,luo,0
1477,lao,0
1478,lae,0
1479,loe,0
1480,mai,0
1481,mei,1
1482,moi,0
1483,mui,7
1484,mau,0
1485,meu,1
1486,miu,0
1487,mou,0
1488,mia,0
1489,mie,0
1490,mio,0
1491,mua,0
1492,mue,0
1493,muo,0
1494,mao,0
1495,mae,0
1496,moe,0
1497,nai,0
1498,nei,0
1499,noi,0
1500,nui,0
1501,nau,0
1502,neu,0
1503,niu,0
1504,nou,0
1505,nia,0
1506,nie,0
1507,nio,0
1508,nua,0
1509,nue,0
1510,nuo,0
1511,nao,0
1512,nae,0
1513,noe,0
1514,pai,0
1515,pei,1
1516,poi,0
1517,pui,0
1518,pau,0
1519,peu,0
1520,piu,0
1521,pou,1
1522,pia,0
1523,pie,0
1524,pio,0
1525,pua,0
1526,pue,0
1527,puo,0
1528,pao,0
1529,pae,0
1530,poe,0
1531,rai,0
1532,rei,0
1533,roi,0
1534,rui,0
1535,rau,0
1536,reu,0
1537,riu,0
1538,rou,0
1539,ria,6
1540,rie,0
1541,rio,5
1542,rua,0
1543,rue,0
1544,ruo,0
1545,rao,0
1546,rae,0
1547,roe,0
1548,sai,0
1549,sei,8
1550,soi,0
1551,sui,0
1552,sau,0
1553,seu,6
1554,siu,0
1555,sou,1
1556,sia,1
1557,sie,0
1558,sio,0
1559,sua,2
1560,sue,0
1561,suo,0
1562,sao,0
1563,sae,0
1564,soe,0
1565,tai,0
1566,tei,0
1567,toi,0
1568,tui,0
1569,tau,0
1570,teu,0
1571,tiu,0
1572,tou,1
1573,tia,0
1574,tie,0
1575,tio,0
1576,tua,1
1577,tue,0
1578,tuo,0
1579,tao,0
1580,tae,0
1581,toe,0
1582,vai,0
1583,vei,0
1584,voi,0
1585,vui,0
1586,vau,0
1587,veu,0
1588,viu,0
1589,vou,0
1590,via,5
1591,vie,0
1592,vio,0
1593,vua,0
1594,vue,0
1595,vuo,0
1596,vao,0
1597,vae,0
1598,voe,0
1599,xai,0
1600,xei,0
1601,xoi,0
1602,xui,0
1603,xau,1
1604,xeu,0
1605,xiu,0
1606,xou,0
1607,xia,0
1608,xie,0
1609,xio,0
1610,xua,0
1611,xue,0
1612,xuo,0
1613,xao,0
1614,xae,0
1615,xoe,0
1616,zai,0
1617,zei,0
1618,zoi,0
1619,zui,0
1620,zau,0
1621,zeu,0
1622,ziu,0
1623,zou,0
1624,zia,0
1625,zie,0
1626,zio,0
1627,zua,0
1628,zue,0
1629,zuo,0
1630,zao,0
1631,zae,0
1632,zoe,0
1633,quai,0
1634,quei,0
1635,quoi,0
1636,quui,0
1637,quau,0
1638,queu,0
1639,quiu,0
1640,quou,0
1641,quia,0
1642,quie,0
1643,quio,0
1644,quua,0
1645,quue,0
1646,quuo,0
1647,quao,0
1648,quae,0
1649,quoe,0
1650,guai,0
1651,guei,0
1652,guoi,0
1653,guui,0
1654,guau,0
1655,gueu,0
1656,guiu,0
1657,guou,0
1658,guia,0
1659,guie,0
1660,guio,0
1661,guua,0
1662,guue,0
1663,guuo,0
1664,guao,0
1665,guae,0
1666,guoe,0
1667,chai,0
1668,chei,0
1669,choi,0
1670,chui,0
1671,chau,0
1672,cheu,0
1673,chiu,0
1674,chou,0
1675,chia,0
1676,chie,0
1677,chio,0
1678,chua,0
1679,chue,0
1680,chuo,0
1681,chao,0
1682,chae,0
1683,choe,0
1684,lhai,0
1685,lhei,0
1686,lhoi,0
1687,lhui,0
1688,lhau,0
1689,lheu,0
1690,lhiu,0
1691,lhou,0
1692,lhia,0
1693,lhie,0
1694,lhio,0
1695,lhua,0
1696,lhue,0
1697,lhuo,0
1698,lhao,0
1699,lhae,0
1700,lhoe,0
1701,nhai,0
1702,nhei,1
1703,nhoi,0
1704,nhui,0
1705,nhau,0
1706,nheu,0
1707,nhiu,0
1708,nhou,0
1709,nhia,0
1710,nhie,0
1711,nhio,0
1712,nhua,0
1713,nhue,0
1714,nhuo,0
1715,nhao,0
1716,nhae,0
1717,nhoe,0
1718,brai,0
1719,brei,0
1720,broi,0
1721,brui,0
1722,brau,0
1723,breu,0
1724,briu,0
1725,brou,0
1726,bria,0
1727,brie,0
1728,brio,0
1729,brua,0
1730,brue,0
1731,bruo,0
1732,brao,0
1733,brae,0
1734,broe,0
1735,crai,0
1736,crei,0
1737,croi,0
1738,crui,0
1739,crau,0
1740,creu,0
1741,criu,0
1742,crou,0
1743,cria,0
1744,crie,0
1745,crio,0
1746,crua,0
1747,crue,0
1748,cruo,0
1749,crao,0
1750,crae,0
1751,croe,0
1752,drai,0
1753,drei,0
1754,droi,0
1755,drui,0
1756,drau,0
1757,dreu,0
1758,driu,0
1759,drou,0
1760,dria,0
1761,drie,0
1762,drio,0
1763,drua,0
1764,drue,0
1765,druo,0
1766,drao,0
1767,drae,0
1768,droe,0
1769,frai,0
1770,frei,0
1771,froi,0
1772,frui,0
1773,frau,0
1774,freu,0
1775,friu,0
1776,frou,0
1777,fria,0
1778,frie,0
1779,frio,0
1780,frua,0
1781,frue,0
1782,fruo,0
1783,frao,0
1784,frae,0
1785,froe,0
1786,grai,0
1787,grei,0
1788,groi,0
1789,grui,0
1790,grau,0
1791,greu,0
1792,griu,0
1793,grou,0
1794,gria,0
1795,grie,0
1796,grio,0
1797,grua,0
1798,grue,0
1799,gruo,0
1800,grao,0
1801,grae,0
1802,groe,0
1803,prai,0
1804,prei,0
1805,proi,0
1806,prui,0
1807,prau,0
1808,preu,0
1809,priu,0
1810,prou,0
1811,pria,0
1812,prie,0
1813,prio,0
1814,prua,0
1815,prue,0
1816,pruo,0
1817,prao,0
1818,prae,0
1819,proe,0
1820,trai,0
1821,trei,0
1822,troi,0
1823,trui,0
1824,trau,0
1825,treu,0
1826,triu,0
1827,trou,1
1828,tria,0
1829,trie,0
1830,trio,0
1831,trua,0
1832,true,0
1833,truo,0
1834,trao,0
1835,trae,0
1836,troe,0
1837,vrai,0
1838,vrei,0
1839,vroi,0
1840,vrui,0
1841,vrau,0
1842,vreu,0
1843,vriu,0
1844,vrou,0
1845,vria,0
1846,vrie,0
1847,vrio,0
1848,vrua,0
1849,vrue,0
1850,vruo,0
1851,vrao,0
1852,vrae,0
1853,vroe,0
1854,blai,0
1855,blei,0
1856,bloi,0
1857,blui,0
1858,blau,0
1859,bleu,0
1860,bliu,0
1861,blou,0
1862,blia,0
1863,blie,0
1864,blio,0
1865,blua,0
1866,blue,0
1867,bluo,0
1868,blao,0
1869,blae,0
1870,bloe,0
1871,clai,0
1872,clei,0
1873,cloi,0
1874,clui,0
1875,clau,0
1876,cleu,0
1877,cliu,0
1878,clou,0
1879,clia,0
1880,clie,0
1881,clio,0
1882,clua,0
1883,clue,0
1884,cluo,0
1885,clao,0
1886,clae,0
1887,cloe,0
1888,flai,0
1889,flei,0
1890,floi,0
1891,flui,0
1892,flau,0
1893,fleu,0
1894,fliu,0
1895,flou,0
1896,flia,0
1897,flie,0
1898,flio,0
1899,flua,0
1900,flue,0
1901,fluo,0
1902,flao,0
1903,flae,0
1904,floe,0
1905,glai,0
1906,glei,0
1907,gloi,0
1908,glui,0
1909,glau,0
1910,gleu,0
1911,gliu,0
1912,glou,0
1913,glia,0
1914,glie,0
1915,glio,0
1916,glua,0
1917,glue,0
1918,gluo,0
1919,glao,0
1920,glae,0
1921,gloe,0
1922,plai,0
1923,plei,0
1924,ploi,0
1925,plui,0
1926,plau,0
1927,pleu,0
1928,pliu,0
1929,plou,0
1930,plia,0
1931,plie,0
1932,plio,0
1933,plua,0
1934,plue,0
1935,pluo,0
1936,plao,0
1937,plae,0
1938,ploe,0
1939,ai,0
1940,ei,0
1941,oi,0
1942,ui,0
1943,au,0
1944,eu,0
1945,iu,0
1946,ou,1
1947,ia,2
1948,ie,0
1949,io,0
1950,ua,0
1951,ue,0
1952,uo,0
1953,ao,0
1954,ae,0
1955,oe,0
